ID,Timestamp,Latitude,Longitude,"Breve descripción del punto donde se toma la muestra (campo de cultivo, parque, jardín, bosque, etc.)",Ubicación,Foto del entorno de la toma de muestras,Fecha de la toma de muestras  (dd/mm/aaaa),Resultado del indicador 1: Cobertura del suelo,Fotos de ejemplos de macrofauna y/o lombrices,Puntuación promedio del indicador 2: Infiltración,Puntuación promedio del indicador 3: Compactación,Puntuación promedio del indicador 4: Diversidad de macrofauna,Puntuación promedio del indicador 5: N° de lombrices,Puntuación promedio del indicador 6: pH,Puntuación promedio del indicador 7: Materia orgánica
360,2024-04-19 12:24:39+00:00,-0.9326424217842657,41.61596138420879,Zona verde urbana,Valdespartera. Plantación zona A,https://geonity.ibercivis.es/media/images/2024-04-19_12-26-18cover.jpg,02/03/2024,1,,7.3,3,0,0,5,1
374,2024-04-25 17:31:37+00:00,-3.625667481306664,37.161216413256625,Parcela de huerta en cultivo. Riego habitual. ,"37,1611840  -3,6255470",,08/04/2024,100,,10,10,6,7,7,10
4,2023-12-19 09:51:48+00:00,-0.8859184917080256,41.6804518975317,,Fundación Ibercivis ,,19/12/2023,100,,100,100,100,100,100,100
28,2024-02-07 13:48:28+00:00,-3.743405214999541,40.41097310149311,Frutales,Escuela de la vid,,07/02/2024,0,,0,3,6,3,6,6
16,2024-01-25 19:09:37+00:00,-0.8499426199447271,40.81521146917132,,40.815119 -0.849962,https://geonity.ibercivis.es/media/images/2024-01-25_19-11-57cover.jpg,24/01/2024,10,https://geonity.ibercivis.es/media/images/2024-01-25_19-13-18cover.jpg,3.33,3,1.3,1,1,8.6
18,2024-01-29 12:22:13+00:00,-6.2090008170825115,36.533390222941705,,Pinar de la Algaida (Puerto Real),https://geonity.ibercivis.es/media/images/2024-01-29_12-23-57cover.jpg,29/01/2024,10,,410,6.5,0.3,0,7.3,7
19,2024-01-29 19:00:33+00:00,-7.430118065307255,41.91746225580272,,Proximidades do balneario de Cabreiroá,https://geonity.ibercivis.es/media/images/2024-01-29_19-11-28cover.jpg,29/01/2024,3,,6,3,3,0,3,10
21,2024-01-30 11:58:02+00:00,-5.726293258030779,38.98595540928659,,Villanueva de la Serena,https://geonity.ibercivis.es/media/images/2024-01-30_11-58-29cover.jpg,30/01/2024,10,,3,3,10,3,6,10
26,2024-02-02 09:45:31+00:00,-0.15589638095778469,39.858572840832494,,Nules ,https://geonity.ibercivis.es/media/images/2024-02-02_09-48-09cover.jpg,02/02/2024,75,,10,6,0,0,6,6
27,2024-02-07 13:36:29+00:00,-3.740207696692437,40.410864254769564,Jardin,Escuela de la vid,,07/02/2024,10,,6,6,3,10,10,6
29,2024-02-07 13:48:28+00:00,-3.743465061676517,40.41051836333068,Viñedo,Escuela de la vid,,07/02/2024,10,,6,6,3,3,6,10
17,2024-02-07 14:38:44+00:00,-3.730731400374651,40.41885225321067,Bosque del molinero ,Casa de campo,https://geonity.ibercivis.es/media/images/2024-01-26_16-17-11cover.jpg,26/01/2024,10,,7,9,3,1,9,10
31,2024-02-16 08:40:16+00:00,-4.125792189766742,40.577520691040064,"Huerta cultivada el año pasado, ahora descansando ",El Escorial ,https://geonity.ibercivis.es/media/images/2024-02-16_08-42-50cover.jpg,16/02/2024,6,https://geonity.ibercivis.es/media/images/2024-02-16_08-50-52cover.jpg,10,10,10,10,3,10
33,2024-02-19 14:29:16+00:00,-1.651039964373069,41.35242741891557,Vereda de entrada a un campo de cultivo,Parte trasera del CPEE Segeda,https://geonity.ibercivis.es/media/images/2024-02-19_14-33-11cover.jpg,19/02/2024,6,,7.66,4,0,0,6.33,8.66
32,2024-04-14 11:20:00+00:00,-0.7585601235883814,41.60534598811051,Camino acceso a reserva natural,La alfranca,https://geonity.ibercivis.es/media/images/2024-02-17_13-24-29cover.jpg,17/02/2024,10,,8.6,8.6,5,5,7.6,10
35,2024-02-21 08:37:57+00:00,-3.1598983,40.6402523,Jardín público.,"40,6406717 N , 3,1610018 O
Parque Oceánico Atlántico, Guadalajara ",https://geonity.ibercivis.es/media/images/2024-02-21_08-50-42cover.jpg,20/02/2024,10,https://geonity.ibercivis.es/media/images/2024-02-21_08-44-24cover.jpg,6,6,3,3,6,10
361,2024-04-19 13:07:14+00:00,-8.425105,42.1711025,,"A Picaraña. Ponteareas. Pontevedra
",https://geonity.ibercivis.es/media/images/2024-04-19_13-08-02cover.jpg,19/04/24,10,,10,3,0,0,3,3
37,2024-02-22 10:44:00+00:00,-5.7879478,38.9698341,Descampado,Parque del rodeo,https://geonity.ibercivis.es/media/images/2024-02-22_10-44-30cover.jpg,22/2/24,75,https://geonity.ibercivis.es/media/images/2024-02-22_10-47-55cover.jpg,10,6,2,2,7,10
39,2024-02-23 02:04:41+00:00,-7.037432541987414,42.708019439475095,prado,O Cebreiro (Lugo),,22/02/2024,10,,10,6,6,6,10,10
40,2024-02-23 09:40:37+00:00,0.05619348030467108,40.04942189171646,Campo de cultivo abandonado,40.0495330 / 0.0570392,https://geonity.ibercivis.es/media/images/2024-02-23_09-37-12cover.jpg,21/02/2024,10,,10,6,3,0,6.3,7.3
36,2024-02-26 08:45:35+00:00,-3.161279649303651,40.64027085911997,"Zona cercana al huerto dentro del instituto IES Aguas Vivas 
","40,64028°N,  3,16144° O",https://geonity.ibercivis.es/media/images/2024-02-21_08-51-53cover.jpg,20/02/2024,10,https://geonity.ibercivis.es/media/images/2024-02-21_08-55-12cover.jpg,3,10,3,6,10,10
42,2024-02-27 19:51:27+00:00,-7.592137944175846,43.01755780342921,Bosque,"En la ribera del río Miño, a 10 metros de la carretera de Ombreiro, LU-P-2902, frente a la salida de la pista de Xian",https://geonity.ibercivis.es/media/images/2024-02-27_20-23-09cover.jpg,27/2/2024,10,https://geonity.ibercivis.es/media/images/2024-02-27_20-26-47cover.jpg,10,10,0,0,5.7,10
43,2024-02-27 19:51:27+00:00,-7.598256027973065,43.02147680904204,"Campo, prado de hierba muy baja, sin renovar, en monte alto y expuesto a escorrentía, ventiscas y precipitaciones abundantes.","Monte de Adai, a 100 metros de la pista que comunica Vilar con Penarrubia. En el prado hay un dolmen característico.",https://geonity.ibercivis.es/media/images/2024-02-27_20-35-38cover.jpg,27/2/2024,10,https://geonity.ibercivis.es/media/images/2024-02-27_20-37-11cover.jpg,4,6,0,3,3,6
44,2024-02-27 19:51:27+00:00,-7.552707330677663,43.01238657920268,Antigua huerta de una casa en donde hubo una congregación religiosa. Quedó abandonada hace unos 10 años. Estos dos últimos años se ha desbrozado y recuperado. El terreno se fresó en octubre de 2023.,"Ronda de la Muralla, n° 44, 27002, Lugo capital",https://geonity.ibercivis.es/media/images/2024-02-27_21-04-45cover.jpg,21/02/2024,0,,10,10,0,3,10,6
34,2024-02-28 08:57:04+00:00,-3.160295017811904,40.64057908128191,Bosque,Jardín/bosque del instituto,https://geonity.ibercivis.es/media/images/2024-02-28_08-23-47cover.jpg,20/02/2024,10,https://geonity.ibercivis.es/media/images/2024-02-28_08-24-08cover.jpg,2.5,4.33,2,3,7,6
38,2024-02-29 11:16:29+00:00,-0.04402309631254298,39.98686388381319,parque Ribata Castellon . Zona centro con arboles y vegatacion rastrera,"Longitud 39,98 Longitud -0,0443",https://geonity.ibercivis.es/media/images/2024-02-29_11-37-00cover.jpg,22/02/2024,3,https://geonity.ibercivis.es/media/images/2024-02-29_11-37-06cover.jpg,10,3,6,6,6.,3
45,2024-02-29 16:22:53+00:00,-3.7181202,40.459184,Parque urbano de carácter forestal con cobertura de pinar,Madrid ,,29/02/2024,10,,10,10,10,0,10,10
46,2024-02-29 20:14:30+00:00,-7.822612478090235,42.346554823401476,Pequeño descampado en una zona húmeda junto a un río,Junto a la central hidroeléctrica de Castadón,https://geonity.ibercivis.es/media/images/2024-02-29_20-17-46cover.jpg,13/02/2024,6,https://geonity.ibercivis.es/media/images/2024-02-29_20-20-09cover.jpg,10,6,10,0,6,6
47,2024-03-02 12:45:23+00:00,-3.619525889297705,40.36834399099672,Huerto,Huerto IES María Rodrigo,,16/02/2024,10,https://geonity.ibercivis.es/media/images/2024-03-02_12-47-59cover.jpg,5.3,7.6,5,3,3.6,8.6
41,2024-03-03 23:10:27+00:00,-3.721387829063445,40.44441453698244,Parque Jaime del Amo (Madrid),"40.442513,-3.722226",https://geonity.ibercivis.es/media/images/2024-02-25_22-38-44cover.jpg,25/02/2024,6,,1,2,0,0,6,6
48,2024-03-04 13:31:45+00:00,-5.791902910243124,38.96317434596267,Campo de cultivo,"-5.791318, 38.963123, 295.06, EPSG: 25830",,28/02/2024,6,,0,10,10,4,10,8.7
49,2024-03-05 13:22:19+00:00,-0.8041411919429606,41.84218911827199,Monte del vrdado,Peñaflor,,05/03/2024 ,0,,10,6,0,0,7,0
50,2024-03-05 13:22:19+00:00,-0.8102666083563577,41.85786496624894,Monte vedado,Peñaflor,,"05,/03/2024 ",0,,10,3,0,0,0,0
362,2024-04-19 17:43:39+00:00,-5.276844199928263,36.551257748619264,"Huerto, con composto y estiercol, dentro del pueblo de Benarrabá","Benarrabá, huerto.",,19/04/2024,6,,10,7.3,8.7,2,2,10
51,2024-03-05 17:00:53+00:00,-1.230312630986816,41.37389859343821,"Campo próximo a Cariñena. Día nublado, hace un día que llovió.","Latitud: 41,358952 Longitud: -1,215515",https://geonity.ibercivis.es/media/images/2024-03-05_16-54-24cover.jpg,4/3/2024,10,https://geonity.ibercivis.es/media/images/2024-03-05_16-55-09cover.jpg,7.3,10,10,4,10,10
52,2024-03-06 17:43:31+00:00,-7.540464,42.9973756,"Sanfiz, parque en extraradio de Lugo, hierba baja.",Lugo ciudad,https://geonity.ibercivis.es/media/images/2024-03-06_17-45-28cover.jpg,6/3/2024,10,https://geonity.ibercivis.es/media/images/2024-03-06_17-47-34cover.jpg,10,5,33,3,10,6
54,2024-03-07 20:53:00+00:00,-7.427461636060457,41.99132413031697,"A mostrá fui tomada en Castellón do Val, A depresión tectónica está avenada polo río Támega, que discorre cara ao sur, por ser afluente do río Douro, e baña as terras meridionais do municipio. Completan a rede fluvial numerosos ríos, o máis importante dos cales é o Camba, que está represado no encoro dás Portas.",Castrelo do Val 32625,https://geonity.ibercivis.es/media/images/2024-03-07_21-01-16cover.jpg,05/03/2024,6,,6,3,3,6,6,6
55,2024-03-07 21:07:37+00:00,-7.444213919624474,41.88294234762063,"A mostrá fui tomada na aldea de Mourazos, A rede hidrográfica organízase en torno ao río Támega, no que afluyen outros pequenos ríos e arroios, entre os que destaca o río Vilaza. As superficies forestais están formadas por árbores de ribeira, piñeiros e por matogueiras. As terras de cultivo son de gran fertilidade e sitúanse na zona do val, onde abundan as viñas, que proporcionan o famoso viño de Monterrey. ","Mourazos, Verin, 32627",https://geonity.ibercivis.es/media/images/2024-03-07_21-14-15cover.jpg,01/03/2024,6,https://geonity.ibercivis.es/media/images/2024-03-07_21-17-20cover.jpg,6,6,6,10,6,6
59,2024-03-11 10:50:47+00:00,-5.7892588,38.9748838,Jardín ,Parque avenida de los deportes ,,7/03/24,6,,10,6,0,0,0,10
57,2024-03-11 10:27:24+00:00,-5.7887553,38.9752968,Parque ,Piscina climatizada Villanueva de la serena ,,7 de marzo de 2024,6,,3,6,0,0,6,0
61,2024-03-15 13:44:48+00:00,-5.775692196009516,38.99668632973712,"Camino de tierra húmeda con hierba, musgo y piedras.",Camino de los Ranchos ,https://geonity.ibercivis.es/media/images/2024-03-15_13-47-16cover.jpg,10/03/2024,0,https://geonity.ibercivis.es/media/images/2024-03-15_13-47-41cover.jpg,0,0,3,3,6,6
60,2024-03-15 13:47:53+00:00,-5.788831301820977,38.97459461194259,Parcela de tierra húmeda con hierva y piedras ,Patio trasero del IES Puerta de la Serena,https://geonity.ibercivis.es/media/images/2024-03-15_13-49-58cover.jpg,6/3/2024,0,,0,3,0,0,3,3
363,2024-04-19 17:43:39+00:00,-5.449758734312013,36.39543941737705,"Finca muy grande, con huerto, bosque, plantacion de arboles frutales. Utima lluvia 31/03/2024. Nivel freatico al mismo nivel del muestro. Finca sin abono, ni productos quimicos, quasi sin intervencion humada.",Jimena de la frontera,,16/04/2024,10,,2,2,10,2,4,8.67
63,2024-03-12 17:41:23+00:00,-7.917409171759914,43.57582863341824,Pasto,Casares. Cerdido,https://geonity.ibercivis.es/media/images/2024-03-12_17-52-48cover.jpg,12/03/2024,90,,0,3,6,0,6,10
64,2024-03-12 20:49:23+00:00,-3.8432806478747636,41.81883259783507,Jardin,Jardín de 30 años con cobertura vegetal silvestre,,12/03/2024,6,,3,3,3,6,6,7
369,2024-04-23 09:22:02+00:00,-0.1567152,39.858319,Campo de cultivo,Nules,https://geonity.ibercivis.es/media/images/2024-04-23_09-23-47cover.jpg,9/02/2024,84.6,,6,3,3,0,6,10
66,2024-03-13 10:12:55+00:00,-0.1592514412678554,39.858617358626304,,Nules,https://geonity.ibercivis.es/media/images/2024-03-13_10-13-32cover.jpg,4/2/2024,7.66,,6.00,7.66,0,06,7.33,8.66
67,2024-03-13 13:20:12+00:00,-0.004376464959676696,40.01468470437544,Marjal de Castelló,"39.994, o.ooo3
",https://geonity.ibercivis.es/media/images/2024-03-13_13-29-10cover.jpg,13/03/2024,30,,0,3,3,0,5,10
69,2024-03-13 23:35:34+00:00,-3.8712207461486514,41.790053708461784,Viñedo 10 años suelo zona fuerte y zona arenosa,Las zarceras,https://geonity.ibercivis.es/media/images/2024-03-13_23-36-55cover.jpg,13/03/2024,3,,6,6,0,0,6,6
70,2024-03-14 08:28:41+00:00,-0.20287173803345127,39.931574797300556,Campo,Betxi,https://geonity.ibercivis.es/media/images/2024-03-14_08-45-11cover.jpg,12/03/2024,10,https://geonity.ibercivis.es/media/images/2024-03-14_08-47-11cover.jpg,4.5,2,0,1,7.6,6.6
72,2024-03-14 09:50:33+00:00,-5.8566157890849695,38.949521217484545,Parque,"(38.9495202, -5.8566020)",https://geonity.ibercivis.es/media/images/2024-03-14_09-51-48cover.jpg,13 marzo 2024,2.5,https://geonity.ibercivis.es/media/images/2024-03-14_09-53-37cover.jpg,6,4,3,0,7,5
56,2024-03-14 10:05:18+00:00,-5.552395105817055,38.72234262257552,Parque,Castuera de la Serena ,https://geonity.ibercivis.es/media/images/2024-03-14_10-05-43cover.jpg,10/03/24,8,,8,5,0,0,6,3
71,2024-03-14 11:25:28+00:00,-1.893715236949674,38.18226589497093,Cultivo almendros,"N3810919, w00153680",,11/03/2024,3,,10,10,5,0,4,5
73,2024-03-14 11:55:47+00:00,0.05963822762029736,40.05036660572114,Campo de cultivo abandonado (olivos),"40 03 01,6'- 00 33 5,4",https://geonity.ibercivis.es/media/images/2024-03-14_11-56-45cover.jpg,13/03/2024,3,https://geonity.ibercivis.es/media/images/2024-03-14_11-57-21cover.jpg,8.66,6.33,1,0,7.33,4
74,2024-03-14 13:43:26+00:00,-0.07080354052968119,39.884785326227956,"Zona de campo junto al río, con agua bastante estancada",Burriana (Castellón),,13/03/2024,10,,8,5,0,0,10,6
75,2024-03-14 11:12:56+00:00,-3.760733,40.3658427,Huerto del instituto ,Centro IES Francisco Ayala ,https://geonity.ibercivis.es/media/images/2024-03-14_11-30-47cover.jpg,06/03/2024,82,https://geonity.ibercivis.es/media/images/2024-03-14_11-30-07cover.jpg,3,6,6,3,10,6
76,2024-03-14 18:47:26+00:00,-5.798620798812436,38.96690791696619,Campo de cultivo improductivo ,Circunvalación ,https://geonity.ibercivis.es/media/images/2024-03-14_18-48-25cover.jpg,14/03/2024,10,,6.33,5,6,3,8.67,7.67
77,2024-03-14 21:35:46+00:00,-3.8418720328623124,41.820750561951684,Huerta barbechada diez años con aporte de basura vieja y Arada y cultivada,Vega,https://geonity.ibercivis.es/media/images/2024-03-14_21-39-51cover.jpg,14/03/2024,3,,3,10,6,6,3,10
62,2024-03-15 13:36:48+00:00,-5.785980434860079,38.96158854191631,Camino lleno de palos y suelo seco,Camino de las mimosas,https://geonity.ibercivis.es/media/images/2024-03-15_13-42-28cover.jpg,10/3/2024,0,,0,6,0,0,6,3
78,2024-03-15 13:43:34+00:00,-5.788928767845931,38.97527130421713,Patio interior del instituto Puerta de la serena,"38.975253,-5.789116",https://geonity.ibercivis.es/media/images/2024-03-15_13-40-28cover.jpg,10 marzo 2024,3,https://geonity.ibercivis.es/media/images/2024-03-15_13-40-23cover.jpg,3,5,4,1,7,7
79,2024-03-15 13:53:28+00:00,-5.7887557,38.9753247, Jardín ,Piscina climatizada,,7 de marzo del 2024,6,,3,6,0,0,6,0
80,2024-03-15 13:53:28+00:00,-5.7887557,38.9753247,Parque,Aveida de los deportes parque,,7 3 2024,6,,10,6,0,0,0,10
81,2024-03-15 14:11:08+00:00,-3.60270159847488,39.2114047384469,Campo de cultivo ,"Calle guijuela, Villarrubia de los Ojos (Ciudad Real)",,13/03/2024,6,,2,3,4,4,6,10
82,2024-03-15 14:54:04+00:00,-5.807488175843162,38.97409020975962,Campo de cultivo improductivo ,La circunvalación en frente de la calle del Pardo ,https://geonity.ibercivis.es/media/images/2024-03-15_14-56-56cover.jpg,15/03/2024,0,,4,4,0,0,7.67,5
364,2024-04-20 11:49:19+00:00,-2.9264640400949418,41.959950833796086,Pastizal,"41°57'36""N 2°55'38""W",https://geonity.ibercivis.es/media/images/2024-04-20_11-57-23cover.jpg,19/04/2024,10,,6,10,2,2,5,10
84,2024-03-16 13:02:57+00:00,-3.7182465875881747,40.45909153621193,Parque Dehesa de la Villa punto 1.2,1.2,,16/03/2024,10,,10,6,10,0,7,10
83,2024-03-16 13:02:57+00:00,-3.719490068036801,40.45862065631939,Parque Dehesa de la Villa 1.1,Al lado del pozo,,16/03/2024,10,,0,10,10,3,10,10
85,2024-03-16 13:18:38+00:00,-3.718137663882945,40.459097061456575,Parque Dehesa de la Villa 1.3,1.3,,16/03/2024,3,,3,6,10,0,0,10
370,2024-04-23 14:02:35+00:00,-8.689275896365444,43.22281127950953,"Pradera con desbroces puntuales cerca de nuestra huerta y del riachuelo ""Rego da Balsa""","43.222767,-8.689341",https://geonity.ibercivis.es/media/images/2024-04-23_14-06-11cover.jpg,11/04/24 y 18/04/24,10,https://geonity.ibercivis.es/media/images/2024-04-23_14-07-09cover.jpg,10,2,6,2,10,10
87,2024-03-17 17:09:28+00:00,-3.6017904110670145,39.21004317270743,Tierra sin cultivo. Día soleado. Llovió 2 días antes,Camino de los Gorrinos,https://geonity.ibercivis.es/media/images/2024-03-17_17-10-09cover.jpg,13/03/2024,6,https://geonity.ibercivis.es/media/images/2024-03-17_17-10-36cover.jpg,2,3,4,4,6,8
88,2024-03-17 17:40:02+00:00,-7.495659225295384,42.95575425573375,Huerta particular de uso ecológico (huerta educativa),"Santa Comba, Lugo",https://geonity.ibercivis.es/media/images/2024-03-17_17-43-48cover.jpg,13/3/2024,10,,10,6,0,3,10,9
377,2024-04-26 17:36:21+00:00,-4.641317912727077,36.54940630385007,Vestigios de olivares,Mijas,,26/04/2024,20,,3,0,3,0,6,6
89,2024-03-17 19:20:40+00:00,-5.432058316937713,36.10758171066576,Parque natural El Estrecho,"Algeciras, Cádiz.  Coordenadas 36,10808 N 5,43215 O",https://geonity.ibercivis.es/media/images/2024-03-17_19-22-49cover.jpg,16/03/2024,10,https://geonity.ibercivis.es/media/images/2024-03-17_19-23-59cover.jpg,6,6,6,6,10,10
95,2024-03-19 10:16:27+00:00,-3.705897709460026,40.34518438619536,Jardín,"Avenida Real de Pinto, Villaverde alto, Madrid",,19/03/2024,10,,10,9,4,0,10,10
96,2024-03-19 19:53:13+00:00,-2.9458485512780896,42.680170928431494,Zona arbolada al lado del río Ebro,Miranda de Ebro ,,19/03/2024,10,,1,6,6,0,3,10
91,2024-03-17 22:46:08+00:00,-1.218295109808167,37.92716106495487,"Parcela sin cultivar en la periferia del núcleo urbano. Día soleado, hace bastantes semanas que no llueve, se atraviesa un periodo de sequía en el sureste.","Sangonera la Verde (Murcia), (37.9271493, -1.2186097)",,08/03/2024,6,,2,9,0,0,10,6
97,2024-03-19 22:45:38+00:00,-3.866569024994874,40.41908980876093,Zona del monte de Boadilla,Está cerca de un huerto donde estamos plantando frutales,,17/03/24,10,,10,3,10,3,10,10
93,2024-03-18 11:04:16+00:00,-0.02717972343288011,39.99208221472972,Parque Rafalafena (Castellón),"(39.9915697, -0.0272868)",https://geonity.ibercivis.es/media/images/2024-03-18_11-04-34cover.jpg,15/03/2024,6,,3,6,6,3,10,10
94,2024-03-18 16:53:32+00:00,-3.5877641863359315,37.114191416266024,Parque con arboles y plantas,37.113849-3.587530,,15 marzo 2024,100,,160,8.5,2,1,6.3,10
98,2024-03-20 10:42:08+00:00,-3.75129373644981,40.38404899505127,Parque urbano por el cual circula mu hos seres vivos y está lleno de vegetación ,"40,3841024,-3.7508366",,19/03/2024,70,,6.3,1,0,0,10,9.3
99,2024-03-20 10:44:01+00:00,-3.7504770007055015,40.3832926049287,Parque adentrado en la ciudad,"40,384089, -3,750418",https://geonity.ibercivis.es/media/images/2024-03-20_10-46-50cover.jpg,19/03/2024,10,,10,3,2,3,10,10
100,2024-03-20 10:40:44+00:00,-3.7504030149751486,40.38376362634233,Parque,"40.3837651,-3.7503525",https://geonity.ibercivis.es/media/images/2024-03-20_10-48-45cover.jpg,19-03-2024,3,,5.3,4,0,0,10,10
101,2024-03-20 11:54:44+00:00,-8.35553463005985,43.30109858435861,Jardines centro educativo ,IRS Afonso X Sabio,,11/03/2024,6,,3,6,10,0,3,10
102,2024-03-20 11:58:33+00:00,-8.355178227296818,43.30121559734707,jardines de un centro educativo,IES Afonso X O Sabio,,19/03/2024,6,,3,3,0,0,10,3
103,2024-03-20 11:59:07+00:00,-8.354921118736911,43.301426102095746,Jardines de un centro educativo ,IES Afonso X o Sabio,,19/03/2024,6,,0,6,6,3,6,10
104,2024-03-20 12:02:43+00:00,-8.3553007685463,43.300972178715,jardines de centro educativo,IES Afonso X O Sabio,,11/03/2024,6,,3,6,6,0,6,10
105,2024-03-20 12:17:33+00:00,-0.769190949856295,41.61094873336785,Terreno sin cultivo,Junto camino de Pastriz a la Alfranca,https://geonity.ibercivis.es/media/images/2024-03-20_12-21-50cover.jpg,17/03/2024,10,,6,6,10,0,6,10
106,2024-03-20 13:28:16+00:00,-3.7021798132037986,40.34530125346325,Parque,"Parque de los Picoletos, Villaverde alto, f",,20/03/2024,10,,7,5,2,0,10,10
107,2024-03-20 15:40:44+00:00,-7.8638690821437365,42.30007153821995,Bosque,Seixalbo,https://geonity.ibercivis.es/media/images/2024-03-20_15-50-16cover.jpg,20/03/24,10,https://geonity.ibercivis.es/media/images/2024-03-20_15-49-39cover.jpg,7.3,2,2,0,7,10
365,2024-04-22 00:07:29+00:00,-2.500955,36.8284748,Campo de cultivo de naranjos ,"Instincion, rio Andarax, Almería ",,19/04/2024,10,,10,6,6,0,10,10
108,2024-03-20 16:12:53+00:00,-2.476327700914339,41.76036733949979,Patio del IES Castilla. Césped en un rincón poco transitado,"Lat 41,760431/ lon -2'476386",,06/03/2024,3,,1.5,4.5,0,0,10,10
110,2024-03-20 16:27:21+00:00,-2.4833340148105663,41.76248095920164,Descampado con abundante vegetación herbácea,Lat 41'762246/lon -2'483597,,12/03/2024,10,,5.3,10,4,3,10,8.6
109,2024-03-20 16:27:21+00:00,-2.482851592278138,41.76193737474679,Descampado sin urbanizar con abundante vegetación herbácea,Lat 41'762246/lon -2'483597,,11/03/2024,10,,6.6,6,5,3,4,8.6
111,2024-03-20 21:10:47+00:00,-3.738754989153847,40.39315432007729,Jardín ,"40.393324, -3.738394",https://geonity.ibercivis.es/media/images/2024-03-20_21-17-18cover.jpg,15/03/2024,10,,10,6,6,3,3,10
112,2024-03-21 09:28:59+00:00,-3.740895413814343,40.394158360725555,Zona del huerto,"40,39360⁰N 3,74031°O",https://geonity.ibercivis.es/media/images/2024-03-21_09-30-08cover.jpg,"14/
14/03/2024",6,https://geonity.ibercivis.es/media/images/2024-03-21_09-31-31cover.jpg,3,10,0,3,10,8
113,2024-03-21 10:51:29+00:00,-3.9313858,41.6977396,"Zona ajardinada, patio del IES Ribera del Duero.",IES Ribera del Duero,https://geonity.ibercivis.es/media/images/2024-03-21_10-39-53cover.jpg,15/03/2024,10,https://geonity.ibercivis.es/media/images/2024-03-21_10-44-48cover.jpg,3,8.7,5,2,3,7.4
114,2024-03-21 11:37:17+00:00,-3.7005881,40.4872186,Se toma la muestra en el recinto del huerto escolar del IES Dámaso Alonso de Madrid,IES Dámaso Alonso C/ Alfredo Marquerie 21 Madrid,https://geonity.ibercivis.es/media/images/2024-03-21_11-40-11cover.jpg,12/03/24,6,,9,4,3,3,6,5
115,2024-03-21 12:06:03+00:00,-3.716396322714104,40.37842018777985,Parcela cerca del huerto escolar,Norte 40 22 44  oeste 3 43 0,https://geonity.ibercivis.es/media/images/2024-03-21_12-17-42cover.jpg,18/03/2024,6,https://geonity.ibercivis.es/media/images/2024-03-21_12-19-20cover.jpg,6,6,6,0,6,6
116,2024-03-21 12:39:17+00:00,-5.9328124982623365,37.298858344773436,Dehesa de Doña María: antigua hacienda convertida en parque forestal.,Dos Hermanas (Sevilla),https://geonity.ibercivis.es/media/images/2024-03-21_12-43-17cover.jpg,18/03/2024,6,,3,0,6,0,10,10
117,2024-03-21 12:41:08+00:00,-5.932734217691291,37.29930064494634,"Parque forestal Dehesa de Doña María, hacienda reconvertida en parque forestal","Dos Hermanas, Sevilla",,18/03/24,6,,0,3,0,0,10,10
118,2024-03-21 15:04:49+00:00,-3.765197488830381,40.36273669641906,Huerto escolar en el Ceip Pinar de San José ,"40,36275°N,3,76531°O",,20/03/2024,6,,4,7,2,3,3,10
119,2024-03-21 18:54:25+00:00,-0.21664379410262313,40.07555314894381,Parque dentro del pueblo,Parque del Montlleó en l'Alcora (Castellón),https://geonity.ibercivis.es/media/images/2024-03-21_19-51-08cover.jpg,29/02/2024,10,https://geonity.ibercivis.es/media/images/2024-03-21_19-52-27cover.jpg,2,3,5,3,6,10
120,2024-03-22 08:37:41+00:00,-2.465196661379366,36.85028569313745,Huerto del centro,Huerto del IES Al-Ándalus,,18/03/2024,50,,3,3,0,0,75,10
121,2024-03-22 09:22:07+00:00,-4.7242953080774726,41.65773619411647,Zona verde patio IES Zorrilla,Patio IES Zorrilla. Valladolid,,20/3/24,10,,10,3,3,5,3,10
122,2024-03-22 09:27:21+00:00,-4.725337867718764,41.657867607194675,Patio IES Zorrilla ,IES Zorrilla. Valladolid,,20/3/24,10,,10,6,6,1,6,10
123,2024-03-22 10:00:24+00:00,-2.9425410944895134,42.6798987663428,Llanura de inundación,"Margen izquierda del río Ebro. Coordenadas: 42,68° N, 2,94° W",,19/03/2024,9,,8.16,9.33,4.5,4.66,3.5,8
125,2024-03-22 12:14:54+00:00,-5.925079,37.2936646,Camino de albero del parque,Dos Hermanas (parque de la Alquería),https://geonity.ibercivis.es/media/images/2024-03-22_12-21-27cover.jpg,21/03/2024,3,,0,0,3,0,3,3
126,2024-03-22 12:14:06+00:00,-5.925077451052704,37.29359882195981,Parque público de la ciudad ,"(37.2867717,-5.9202899)",https://geonity.ibercivis.es/media/images/2024-03-22_12-17-30cover.jpg,21/3/24,10,,0,0,3,6,3,0
127,2024-03-22 12:22:26+00:00,-5.920314887333802,37.28665408696712,Camino de albero,Dos Hermanas (Parque de la Alquería),https://geonity.ibercivis.es/media/images/2024-03-22_12-23-28cover.jpg,21/03/2024,3,,0,0,3,0,3,3
128,2024-03-22 12:19:34+00:00,-5.92086588120975,37.28668803266095,Parque público ,"Parque de la Alquería, Dos Hermanas, Sevilla",,21/03/2024,91,,2,6,6,4,3,10
129,2024-03-22 12:22:26+00:00,-5.920310569257964,37.28664508939197,Camino de albero ,Dos Hermanas (parque de la Alquería),,21/03/2024,3,,0,0,3,0,3,3
130,2024-03-22 12:22:26+00:00,-5.9203048359845525,37.28663511359633,Camino de albero ,Dos Hermanas (parque de la Alquería),,21/03/2024,3,,0,0,3,0,3,3
131,2024-03-22 12:15:18+00:00,-5.920455950601308,37.28670809269198,"Para que de La Alquería 37,28681° N, 5,92041°O",Dos Hermanas,,22/03/24,3,,0,6,0,0,6,10
132,2024-03-22 12:18:35+00:00,-8.62010609307319,42.35201079959353,Jardín ,"Vilaboa Paredes 36141 Pontevedra. Coordenadas: 42,351436, -8620634",,17/03/2024,10,,9,6,4,2,3,3
133,2024-03-22 12:18:35+00:00,-8.60279623373873,42.33050817681817,Monte,Árcade Soutomaior Coordenadas: ,,17/03/2023,10,,10,10,0,0,3,10
134,2024-03-22 12:18:35+00:00,-8.612352814993613,42.291734091930266,Jardín ,"Avda. Mendiño 36800 Redondela Coordenadas: 42,2917701/-8,6119619",,18/03/2024,10,,10,7,5,4,6,9
146,2024-03-25 09:40:01+00:00,-0.2596291,40.4302289,Entorno natural. Parque,"Fuentes del Losar Vilafranca del Cid. Coordenadas: 40'4404411, - 0'271249",,22/02/2024,10,,3,3,0,0,6,10
140,2024-03-23 18:36:35+00:00,-3.792999100290388,41.88315116962227,Pequeña arboleda a la orilla del río Henar,"Repuente, Cilleruelo de Abajo",https://geonity.ibercivis.es/media/images/2024-03-23_18-37-52cover.jpg,23/03/2024,10,,3,4,5,6.34,10,10
141,2024-03-24 11:14:49+00:00,-0.1478898,41.5063401,Bosquecillo de pinos en Bujaraloz,Bujaraloz junto a zona deportiva,https://geonity.ibercivis.es/media/images/2024-03-24_11-16-28cover.jpg,24/03/2024,10,,10,6,0,0,0,6
142,2024-03-24 12:40:16+00:00,0.03776363509450675,40.039357563837854,Bosque cercano a zona urbana,"40,0400053 N, 0,0378647 E",,24/03/2024,10,,8.7,6,7.3,0,4,10
143,2024-03-24 13:18:54+00:00,-0.8955446120605473,40.84396320393941,"

Huertos urbanos, la mayoría en desuso.",Junto a la casa de la cultura. Detrás de la iglesia del pueblo.,https://geonity.ibercivis.es/media/images/2024-03-24_13-38-52cover.jpg,24/03/2024,6,,6,6.33,8.66,1,2,7.33
144,2024-03-24 17:07:10+00:00,-3.3714868,42.0484413,Pasto,Piedrahita de Muñó,https://geonity.ibercivis.es/media/images/2024-03-24_17-08-52cover.jpg,24/3/2024,10,https://geonity.ibercivis.es/media/images/2024-03-24_17-31-42cover.jpg,10,10,6,0,6,10
145,2024-03-24 17:37:52+00:00,-0.9966951525284173,41.52804849598931,Suelo de huerto abonado,María de Huerva,https://geonity.ibercivis.es/media/images/2024-03-24_17-39-11cover.jpg,23/03/2024,0,,10,10,3,0,10,10
149,2024-03-25 11:42:58+00:00,0.057305964636327644,40.050035741110946,Patio de instituto,"40'050, 0'057652",,22/03/24,6,,6,3,0,0,6,3
147,2024-03-25 09:40:01+00:00,-0.2596291,40.4302289,Jardina. Zona donde se han plantado arboles tipicos de la zona. ,Arboretum Vilafranca. Coordenadas: 40.439514 - 0.273488,,22/02/2024,6,,6,6,4,0,6,10
150,2024-03-25 13:11:23+00:00,-8.873787256901267,42.79364409986087,JARDÍN ,"Noia, Colegio Jaime Balmes",,14/02/24,91,,10,10,10,8.66,5,10
371,2024-04-25 12:44:02+00:00,-8.5147203797261,42.18952268922163,Área recreativa con parque y el río Tea al lado.,Área recreativa A Freixa Ponteareas,https://geonity.ibercivis.es/media/images/2024-04-25_12-44-49cover.jpg,25/04/2024,6,https://geonity.ibercivis.es/media/images/2024-04-25_12-46-48cover.jpg,10,6,3,0,6,6
154,2024-03-25 17:37:30+00:00,-3.6889314253981524,42.35277788017146,Campo de cultivo,Patio de instituto Conde Diego Porcelos,,25/03/24,6,https://geonity.ibercivis.es/media/images/2024-03-25_17-52-12cover.jpg,10,6,3,0,6,6
155,2024-03-25 21:46:30+00:00,0.2873154677847367,41.37744434839908,Campo de cultivo de frutales,Mequinenza ,,24/03/2024,5,,0,6,3,0,6,3
159,2024-03-26 14:26:50+00:00,-0.03925101154968047,39.978005918585325,Parque urbano. Día soleado,Castellón de la Plana,https://geonity.ibercivis.es/media/images/2024-03-26_14-42-14cover.jpg,27 febrero 2024,10,,10,10,0,0,6,10
160,2024-03-26 15:48:42+00:00,-5.320112770507825,36.2361266025751,Se trata del patio de nuestro colegio,"36,12861•N 5,45334•W",,15/03/2024,10,,10,10,10,3,8,10
165,2024-03-27 11:23:53+00:00,-5.784516468256072,38.977423473743755,Baldío ,Villanueva de la Serena,https://geonity.ibercivis.es/media/images/2024-03-27_11-25-08cover.jpg,26//03/2024,10,,10,8,0,0,10,8
161,2024-03-26 17:34:47+00:00,-3.704785769725788,40.37347813436011,Parque de Pradolongo,Usera (Madrid),https://geonity.ibercivis.es/media/images/2024-03-26_17-31-48cover.jpg,13/03/2024,100,https://geonity.ibercivis.es/media/images/2024-03-26_17-32-18cover.jpg,1.076,5.2,3,1,6.5,10
162,2024-03-26 19:31:45+00:00,-0.7570582696164934,41.63098174878402,Trozo ajardinado dentro de colegio,"CEIP los Albares .   La puebla de Alfinden.     41.631282-0.757394
Colegio los Albares.              La puebla de Alfinden.         41.6313-0757311 ",https://geonity.ibercivis.es/media/images/2024-03-26_19-34-33cover.jpg,22/03/2024,10,https://geonity.ibercivis.es/media/images/2024-03-26_19-51-10cover.jpg,6,5,6,6,9,8
163,2024-03-27 10:26:53+00:00,-0.2742407693637878,39.96203567110991,"Huerto del instituto IES SERRA D’ESPADÀ (espacio no cultivado, sin riego, ‘abandonado’)","39.962540, -0.274673",,11/03/2024,6,,6,10,10,0,10,6
164,2024-03-27 11:18:01+00:00,-5.797640650838986,38.9666685321767,Rastrojo,Villanueva de la Serena ,https://geonity.ibercivis.es/media/images/2024-03-27_11-19-15cover.jpg,26/03/2024,10,https://geonity.ibercivis.es/media/images/2024-03-27_11-20-05cover.jpg,8.7,8.7,2,2,7.7,10
166,2024-03-27 11:30:10+00:00,-5.784719965774428,38.97021307353725,Baldío ,Villanueva de la Serena,https://geonity.ibercivis.es/media/images/2024-03-27_11-32-03cover.jpg,26/03/2024,3,,10,8.7,3.3,0,8.7,5
167,2024-03-27 19:33:01+00:00,-0.16290256766140487,39.85498906788783,"Antigues terreno de cultivo,  abandonado hace dècades.","39,855856-0,162732",https://geonity.ibercivis.es/media/images/2024-03-27_19-35-47cover.jpg,27/03/2024,9,https://geonity.ibercivis.es/media/images/2024-03-27_19-37-24cover.jpg,100,7,1,0,7,6
168,2024-03-27 19:40:37+00:00,-0.16227063669828112,39.85594883158137,Antiguo terreno agrícola abandonada 20 años.,"39,856012-0,162655",https://geonity.ibercivis.es/media/images/2024-03-27_19-42-59cover.jpg,27/03/2024,10,,33,6,2,1,7,6
152,2024-04-16 14:56:15+00:00,-3.626353744893635,39.91048039419218,Campo de cultivo abandonado,Yepes,,21/02/2024,10,,3,3,10,6,6,6
169,2024-03-27 23:01:01+00:00,-3.8372235878491665,41.821787092532446,Patio/Parque de Pinillos de Esgueva. ,Pinillos de Esgueva,https://geonity.ibercivis.es/media/images/2024-03-27_23-02-30cover.jpg,27/03/2024,10,,1,5,3,1,4,8.6
170,2024-03-28 20:03:11+00:00,-3.6866806168570747,42.3500427261304,"Es el huerto del Instituto Comuneros de Castilla en Burgos. Tiene tres plataneros, un lilo, y un falso jazmín. Tiene también un invernadero y zona para cultivar ,pero desde hace seis años no se cultiva nada. El día era el diecinueve de marzo, soleado, y hacía dieciocho grados. La hora de las muestras fue de diecisiete horas a dieciocho treinta.","42.35,-3.68",https://geonity.ibercivis.es/media/images/2024-03-28_20-08-54cover.jpg,19/03/2024,90.9,https://geonity.ibercivis.es/media/images/2024-03-28_20-10-03cover.jpg,660,5.86,3.3,1.6,7.3,8.6
178,2024-03-29 12:05:01+00:00,-3.6263277039352033,41.681579875217864,Prado,41.40.52.9N 3.37.34.3w,,18/03/2024,6,,2,5,0.6,0,3,8.2
171,2024-03-29 10:44:13+00:00,-2.460817349404266,42.46240400488654,Jardín IES Duques de Nájera ,Logroño ,https://geonity.ibercivis.es/media/images/2024-03-29_10-45-20cover.jpg,25/03/2024,3 ,,7.6,5,0,0,5,5
172,2024-03-29 10:57:26+00:00,-2.502369358310233,42.43986955635489,Repoblación de árboles y arbustos.,Parque de La Grajera. Logroño ,https://geonity.ibercivis.es/media/images/2024-03-29_10-58-42cover.jpg,19/03/2024,6,https://geonity.ibercivis.es/media/images/2024-03-29_10-59-02cover.jpg,4.33,6,8.66,5.33,4,7.33
174,2024-03-29 11:08:00+00:00,-5.432422412774486,36.107549860351384,Parque natural del centenario,"36,108224N;5,433195W",https://geonity.ibercivis.es/media/images/2024-03-29_11-10-50cover.jpg,17/03/2024,3,https://geonity.ibercivis.es/media/images/2024-03-29_11-11-43cover.jpg,2,5.34,2,1,6.67,10
173,2024-03-29 11:07:54+00:00,-2.500169307482537,42.4479217793573,Bosque de pinos de repoblación ,La Grajera. Logroño ,https://geonity.ibercivis.es/media/images/2024-03-29_11-09-14cover.jpg,19/03/2024,6,,7.67,5,4.33,2,5,6.67
175,2024-03-29 11:08:00+00:00,-5.432754626508483,36.10670025685742,Camino de pista dentro del parque. ,"36,106696 N;5,433130W",https://geonity.ibercivis.es/media/images/2024-03-29_11-16-34cover.jpg,17/03/2024,3,,0,2,1,1,10,7.34
176,2024-03-29 11:23:29+00:00,-2.470787472493697,42.467801361757154,Bosque de pinos repoblados,Parque de los Enamorados. Logroño,https://geonity.ibercivis.es/media/images/2024-03-29_11-25-04cover.jpg,27/03/2024,10,,8.67,6,1,0,6,7.33
177,2024-03-29 11:23:29+00:00,-2.4683419299699665,42.46689601702079,Bosque de pinos repoblados,Parque de los Enamorados. Logroño ,https://geonity.ibercivis.es/media/images/2024-03-29_11-26-45cover.jpg,27/03/2024,10,https://geonity.ibercivis.es/media/images/2024-03-29_11-27-10cover.jpg,10,6.33,2,1,8.67,6
179,2024-03-30 13:37:43+00:00,-3.7311951,41.8610567,Zona de pasto,Bahabón de Esgueva (Burgos),https://geonity.ibercivis.es/media/images/2024-03-30_13-38-33cover.jpg,30/03/2024,10,,3,6,6,0,6,10
180,2024-03-30 20:31:19+00:00,-1.670011219912709,41.04480323613086,"Antigua paridera, al lado de rotación de campos de cereal, con rocas cuarcitas y una pendiente próxima hacia depósitos de caliza de las hoces del río Piedra","41,0385889, -1,6663512",,29/3/2024,10,,10,3,10,3,3,3
181,2024-03-31 10:53:00+00:00,-6.076030379783219,37.27590847128019,"Huerta con manejo regenerativo. Lomo de ajetes, plantados en octubre","37,2776854; -6,0776861",https://geonity.ibercivis.es/media/images/2024-03-31_10-53-41cover.jpg,27/3/24,10,,10,10,10,6,6,6
182,2024-03-31 10:53:00+00:00,-6.0759884260830574,37.27599647967946,Huerta con manejo regenerativo. Viñas. 14 meses plantadas. Día anterior 60L/m2 lluvia,"37,2772868; -6,0787795",https://geonity.ibercivis.es/media/images/2024-03-31_10-59-00cover.jpg,28/03/24,10,https://geonity.ibercivis.es/media/images/2024-03-31_11-00-45cover.jpg,10,10,10,8,6,5
183,2024-03-31 10:53:00+00:00,-6.0760178221831325,37.27595891357328,Huerta regenerativa. Día anterior 60L/m2. Cultivo sin Acolchado. Siembra enero 2024,37.2773028; -6.0780640,https://geonity.ibercivis.es/media/images/2024-03-31_11-05-30cover.jpg,28/03/24,6,,9,10,5,5,6,6
184,2024-03-31 10:53:00+00:00,-6.076048397470231,37.27596829845639,Huerta regenerativa. Cultivo zanahorias.  Siembra octubre 24. En cosecha. Día anterior lluvia 60L/m2,37.2774138; -6.0784134,,28/03/24,10,,10,10,10,2,6,8
185,2024-03-31 13:46:06+00:00,-5.278486249965908,36.54980924976489,"Lado de la carretera, cubierto de hierba, arboles (pinus) mucjas agujas de pino en el suelo. Junto al contenedor de basura","Entrada del pueblo de Bamenarrabá (36,549642;-5,278645)",,14/03/2024,10,,10,3,0,0,4,6
186,2024-03-31 13:56:35+00:00,-5.273761071400031,36.55730495651522,"Al lado de un sendero de caminar, bosque, dia nubeso, ultima lluvia el 10 de marzo 2024","Benarrabá, sendero llanos del Rey, El genal.",,20/03/2024,6,,10,4,0,0,3,7.3
187,2024-03-31 15:09:38+00:00,-5.280118076847572,36.54821155029475,"Sendero de camino, suelo con muchas piedras, insectos (mariposas, abejas), pajeros (Buitres)","Benarrabá, abajo del local ""G3 guides"". 36,548722;-5,279798",,19/03/2024,10,,10,1,5,0,6,8.67
188,2024-03-31 15:09:38+00:00,-5.2667369247288605,36.54944499141,"Lado de un camino, cubierto de hojas muertas (Quercus), Dia nubeso, ultima lluvia el 10 de marzo 2024","Benarrabà, salida del pueblo despues el hotel Banu Rabbah. 36,549409;-5,266562",,18/03/2024,10,,10,1,4,0,8.67,8.67
189,2024-03-31 17:48:24+00:00,0.2085272818876263,40.22168732530614,Campo de cultivo yermo próximo a IES El Prat,"40.221246,0.208057",https://geonity.ibercivis.es/media/images/2024-03-31_17-37-01cover.jpg,27/03/2024,10,https://geonity.ibercivis.es/media/images/2024-03-31_17-37-58cover.jpg,3,5,2,2,10,7
191,2024-04-01 10:30:14+00:00,-3.934022698722742,40.58345262898524,Bosque de encina y matorral,Monte de los ángeles Torrelodones madrid,https://geonity.ibercivis.es/media/images/2024-04-01_10-30-40cover.jpg,28/03/2024,10,https://geonity.ibercivis.es/media/images/2024-03-31_22-03-38cover.jpg,6,6,3,0,6,10
190,2024-03-31 21:18:00+00:00,-3.800038133302337,41.75797148539252,"Ladera aterrazada, tapizada por matorral y arboles frutales",Gumiel de Mercado (Burgos),https://geonity.ibercivis.es/media/images/2024-03-31_21-13-05cover.jpg,25/03/2024,6,,6,3,0,0,6,10
194,2024-04-01 09:17:28+00:00,-2.7317609,42.7767577,Era sin utilizar,Doroño,https://geonity.ibercivis.es/media/images/2024-04-01_09-33-19cover.jpg,01/04/2024,10,,3,6,0,0,6,10
192,2024-04-01 10:30:14+00:00,-3.934201440584417,40.58346163545218,Bosque de encina con matorral,Monte de los ángeles Torrelodones Madrid ,https://geonity.ibercivis.es/media/images/2024-04-01_10-31-13cover.jpg,28/03/2024,10,,6,6,10,3,6,10
193,2024-04-01 10:30:14+00:00,-3.934353223836126,40.58345386172002,Bosque de encina con matirral,Monte de los ángeles Torrelodones Madrid ,https://geonity.ibercivis.es/media/images/2024-04-01_10-31-46cover.jpg,28/03/2024,10,,6,6,3,0,6,10
195,2024-04-03 12:07:57+00:00,-3.7364286,40.3816695,Patio del instituto,IES Vista Alegre,https://geonity.ibercivis.es/media/images/2024-04-03_12-10-09cover.jpg,15/03/2024,10,,3,10,7,5,9,10
196,2024-04-03 21:13:22+00:00,-0.8374594609809662,41.603835167531855,Camino,Camino enmedio travesia260,,3/04/2024,6,,3,10,6,0,6,6
197,2024-04-04 11:40:28+00:00,-8.01752199418155,43.562623428811236,Parque,San Xoán Moeche,https://geonity.ibercivis.es/media/images/2024-04-04_11-41-14cover.jpg,04/04/2024,50,https://geonity.ibercivis.es/media/images/2024-04-04_11-44-00cover.jpg,350,10,5,5,3,10
198,2024-04-04 12:08:20+00:00,-5.267816474403048,36.55302749103841,"Sendero de senderismo en un Bosque. 
Ultima lluvia : 31/04/24; el suelo esta todavia humedo","Benarrabá, sendero a la salida del pueblo (desde el mirador ""calle del sol""); gps: 36,552897;-5,268060",,04/04/2024,6,,1,1,0,0,5.3,3
199,2024-04-04 11:16:34+00:00,-7.882893240414518,42.34073853873517,,Seminario menor Ourense ,,29/2/2024,6,,0,1,1,0,6,4
200,2024-04-04 11:16:34+00:00,-7.882795977499228,42.34075757331203,,Seminario menor Ourense ,,29/2/2024,3,,3,3,5,0,3,3
201,2024-04-04 12:26:18+00:00,-7.883059876136201,42.340618392678465,Parque ,Seminario menor Ourense ,,29/2/2024,6,,0,1,1,0,6,4
202,2024-04-04 13:16:29+00:00,-2.9509117,42.6817055,"Se trata de una colina ubicada en las afueras de la ciudad, que ha sido repoblada con especies vegetales  autóctonas. Se usa como zona recreativa y de paseo.",Miranda de Ebro (Burgos) 42°40'27.7''N 2°57'17.2''W,,04/04/2024,10,,10,6,2,1,6,9
203,2024-04-04 13:28:50+00:00,-2.9509117,42.6817055,Colina en las afueras de la ciudad repoblada con especies vegetales autóctonas. Se emplea como zona recreativa y de paseo.,Miranda de Ebro ((Burgos) 42°40'27.7''N 2°57'17.2'',,04/04/2024,10,,10,6,2,1,6,9
204,2024-04-04 17:07:54+00:00,-5.5248223,36.0683808,Área recreativa el Bujeo,36.062540N; 5.524776W,https://geonity.ibercivis.es/media/images/2024-04-04_17-24-40cover.jpg,04/04/2024,10,https://geonity.ibercivis.es/media/images/2024-04-04_17-25-07cover.jpg,6,3,10,1,10,10
205,2024-04-04 18:45:43+00:00,-5.452499661943563,36.15241607637667,Zona periurbana frente a nuestro colegio ,"36.1524213N, 5.4525943W",https://geonity.ibercivis.es/media/images/2024-04-04_18-51-13cover.jpg,"06/03/24
06/03/2024
06/03/2024",3,,10,6,6,1,7.7,6.3
206,2024-04-04 18:45:43+00:00,-5.6449735,36.0516099,Área recreativa La Peña,"36.036554N, 5.553532W",https://geonity.ibercivis.es/media/images/2024-04-04_18-56-09cover.jpg,04/04/2024,3,https://geonity.ibercivis.es/media/images/2024-04-04_18-59-28cover.jpg,8.7,3,6,0,8.7,10
207,2024-04-01 23:51:28+00:00,-3.5172414482357226,42.05784582434947,Huerto ,"Covarrubias, la Serna ",,24/03/2023,10,,10,6,6,6,6,10
208,2024-04-05 11:10:21+00:00,-0.8945223100120927,40.84577693772874,"Montículo entre antiguas eras. Se ha hecho una plantación de carrascas y cipreses. Es una ladera con Plantago, Santolina, gramíneas soleada.",Martín del Río (Teruel),https://geonity.ibercivis.es/media/images/2024-04-05_11-12-53cover.jpg,05/04/2024,6,,7.33,5.33,6,0,5,8.6
209,2024-04-05 12:21:29+00:00,-8.5657493,42.8627635,,Robleda cercana al río Sar,https://geonity.ibercivis.es/media/images/2024-04-05_12-24-41cover.jpg,31/01/2024,98.36,https://geonity.ibercivis.es/media/images/2024-04-05_12-27-47cover.jpg,10,8,2,0,7,6
210,2024-04-05 12:37:03+00:00,-3.6829365929911546,40.370254880171245,Ribera río Manzanares ,40.370528- 3.683258,https://geonity.ibercivis.es/media/images/2024-04-05_12-38-23cover.jpg,06/03/2024,10,https://geonity.ibercivis.es/media/images/2024-04-05_12-38-54cover.jpg,10,6,6,6,10,10
211,2024-04-05 12:45:57+00:00,-5.270714051807346,36.5564280288679,Espacio plano al lafo des un sendero. Bosque. ,"Benarrabá, sendero llanos del rey, gps : 36,556495; -5,270768",,05/04/2024,10,,1,2,3,0,8.67,10
212,2024-04-05 13:21:18+00:00,-8.610496374385406,42.288415409104516,Jardín instituto ,"Avda. Mendiño 28, Redondela 42.288556,  -8.610675",,18/03/2024,10,,7,6,10,6,3,10
213,2024-04-05 13:21:18+00:00,-8.611396482335579,42.28828374474597,Jardín ,"Avda. Mendiño Redondela 36800. Coordenadas 42.2888997, -8.611216",,19/03/2024,103,,3,5,2,4,6,7
214,2024-04-05 16:18:38+00:00,-5.453923951734424,36.12868881658321,"Se trata del jardín del colegio. Es una zona que presenta una pequeña pendiente, expuesta gran parte del día al sol y cubierta por vegetación , principalmente gramineas ","36,12861 N. 5,45334 W",,26/03/24,10,,10,10,10,3,8,10
215,2024-04-06 13:05:45+00:00,-5.355351513331698,42.54537110921476,Campo de cultivo de secano,Valle de Mansilla,https://geonity.ibercivis.es/media/images/2024-04-05_19-17-48cover.jpg,05/04/2024,10,,10,10,6,3,9,9
218,2024-04-06 14:02:55+00:00,-3.661844926287614,40.44328193341153,"Parque urbano con cedros  fotinias, pinos, robles, dientes de león, jaramagos, zurrón de pastor,  erodium cicutarium, bellis perennis, carduus",Parque urbano al lado de la M30 (Madrid),https://geonity.ibercivis.es/media/images/2024-04-06_14-06-51cover.jpg,16/03/2024,6,https://geonity.ibercivis.es/media/images/2024-04-06_14-07-43cover.jpg,3.333,3,3,0,6,7.33
219,2024-04-06 18:50:07+00:00,-0.8525270765404116,41.814309611059485,Reforestación ,Villanueva de Gallego ,https://geonity.ibercivis.es/media/images/2024-04-06_18-54-21cover.jpg,06/04/2024,3,,8.6,8.6,2,1,5,10
225,2024-04-07 21:12:50+00:00,-3.67355076998993,41.67936744060975,Huerto en barbecho desde hace 6 años,Aranda de Duero,https://geonity.ibercivis.es/media/images/2024-04-07_21-14-38cover.jpg,07/04/2024,10,https://geonity.ibercivis.es/media/images/2024-04-07_21-15-50cover.jpg,1,7.3,3,1,4,10
220,2024-04-06 19:36:33+00:00,-3.479984428492031,40.42597375219876,Reforestación. Campo de herbáceas de media altura con algunas plantas reforestadas,"Paseo de las Moreras, Caserío del Henares, San Fernando de Henares (Madrid)",https://geonity.ibercivis.es/media/images/2024-04-06_19-33-05cover.jpg,06/04/2024,10,,10,4,6.67,1,8.67,7.3
221,2024-04-06 22:30:52+00:00,-3.6474856638106417,41.643811034520326,Área sin cultivo ,Adyacente a un camino de recreo ,,06/04/2024,8,,6,4,4,0,5,7
222,2024-04-07 16:16:05+00:00,-3.439834709262726,40.31148561715423,Zona de pendiente con olivos. Se eligió por las posibles torrenteras hacia el valle,Arganda del Rey,https://geonity.ibercivis.es/media/images/2024-04-07_16-18-05cover.jpg,07/04/2024,6,https://geonity.ibercivis.es/media/images/2024-04-07_16-19-14cover.jpg,6.67,5,0,0,2,8.67
223,2024-04-07 17:45:46+00:00,-5.270103484941529,36.55006361798792,"Lado del camino, plaza llana, abajo de un Quercus, dia nuboso","Benarabá, salida del pueblo por el restaurante Banu Rabbah",,07/04/2024,10,,10,1,8.67,0,7.3,8.67
224,2024-04-07 18:21:20+00:00,-5.4372064,36.0697719,"Zona de cultivo, sin cultivar","Urb. Punta Carnero, P.N. El Estrecho",https://geonity.ibercivis.es/media/images/2024-04-07_18-25-18cover.jpg,07/04/2024,10,https://geonity.ibercivis.es/media/images/2024-04-07_18-27-35cover.jpg,10,10,10,0,10,10
226,2024-04-07 21:12:50+00:00,-3.674126103818139,41.67990498571373,Huerto,Aranda de Duero ,https://geonity.ibercivis.es/media/images/2024-04-07_21-18-20cover.jpg,07/04/2024,10,https://geonity.ibercivis.es/media/images/2024-04-07_21-19-27cover.jpg,6.6,10,0,0,3,8.6
227,2024-04-08 10:40:43+00:00,-3.677257130013601,42.35680166016175,Ribera del río ,Río Vena,https://geonity.ibercivis.es/media/images/2024-04-08_10-36-43cover.jpg,14/03/2024,10,https://geonity.ibercivis.es/media/images/2024-04-08_10-39-09cover.jpg,3,10,8,8,3,10
228,2024-04-08 11:02:02+00:00,-0.7514294018035912,41.60807931576463,Campo en barbecho,Instalaciones rey ardid finca de la alfranca,,02/04/2024,10,,10,10,10,6,6,10
375,2024-04-25 17:48:38+00:00,-3.454391541099028,37.161506144516196,Parcela regadío ocasional.,"37,09'41""N 3,09'14""W",,16/04/2024,84,,600,8,9,3,7,10
230,2024-04-08 12:20:47+00:00,-3.718246986261391,37.19822861009796,Chopera en la Vega de Santa Fé.,"37.199613, - 3.720280",,05/04/2024,10,,10,3,10,6,10,10
242,2024-04-08 20:59:00+00:00,-3.5941643403417323,40.597263301522396,"Jardín con árboles frutales en una zona (3 olivos, 1 granado) y 3 encinas",Fuente del Fresno. HCW4+R7R,,05/04/2024,93,,3,3,3,6,10,10
243,2024-04-08 21:43:10+00:00,-3.5942098,40.5972741,"Jardín con una zona de árboles (3 olivos, 3 encinas y un granado)",Fuente del Fresno HCW4+R7R,,05/04/2024,10,,3,3,3,4,10,10
237,2024-04-08 14:53:04+00:00,-5.27717085550367,36.5740442392531,"Camino arriba del pueblo de Algatocin, un poco con pendiente, bosque de pinus.","Algatocin, camido arriba del pueblo, ermita del Calavario",,08/04/2024,10,,10,2,6,0,6.3,10
239,2024-04-08 15:45:43+00:00,-9.273317526473562,42.90620427944569,Campo,"Cabo Finisterre, Finisterre, La Coruña",https://geonity.ibercivis.es/media/images/2024-04-08_15-52-35cover.jpg,13/03/2024,10,https://geonity.ibercivis.es/media/images/2024-04-08_15-40-46cover.jpg,10,10,10,6.3,10,10
240,2024-04-08 20:38:00+00:00,-5.784555939026717,38.972740933118985,Campo de cultivo,Villanueva de la Serena,https://geonity.ibercivis.es/media/images/2024-04-08_20-40-27cover.jpg,19/03/2024,80,,60,5,2,1,8,3
241,2024-04-08 20:38:00+00:00,-5.7820404927080915,38.97419711244069,Jardín,VAillanueva de la Serena,https://geonity.ibercivis.es/media/images/2024-04-08_20-46-39cover.jpg,20/032024,82,,180,6,2,1,7,3
244,2024-04-09 10:22:51+00:00,-0.088992,39.8839056,Jardí escolar,Borriana,https://geonity.ibercivis.es/media/images/2024-04-09_10-23-50cover.jpg,23/03/2024,8,https://geonity.ibercivis.es/media/images/2024-04-09_10-25-57cover.jpg,9,6,0,0,10,6
261,2024-04-10 18:01:46+00:00,0.42017144220895375,40.41455924354801,Descampado,"40,4144349, 0,4200825",https://geonity.ibercivis.es/media/images/2024-04-10_18-35-56cover.jpg,"28/02/2024
28/02/2024",494,,5,10,0,0,4,8.6
262,2024-04-10 21:30:51+00:00,-5.723368223978582,38.989529610207626,"Pradera hierba plantada, no muy tupida ",38º5924.4 N.  5º433.2N,https://geonity.ibercivis.es/media/images/2024-04-10_21-37-43cover.jpg,06/04/2024,8,https://geonity.ibercivis.es/media/images/2024-04-10_21-40-54cover.jpg,6.3,6.2,10,0,7.5,8
229,2024-04-14 11:20:00+00:00,-0.7521774229043672,41.6083955556482,Lugar de paso entre cultivos,Instalaciones fundación rey ardid finca de la alfranca,,04/04/2024,3,,6,7,3,0,10,10
245,2024-04-09 18:35:23+00:00,-3.691683704506005,42.35731857999224,"Jardín escolar. Suelo cubierto de césped y tréboles. Hojas y ramas de los árboles del mismo. Suelo bastante pisado. Especies autóctonas como wncinas, robles, hayas, abedules, madroños y tilos. Pero todos ellos muy jóvenes.",Jardín escolar del patio de Liceo Castilla Maristas Burgos ,https://geonity.ibercivis.es/media/images/2024-04-09_21-47-54cover.jpg,8/04/24,10,https://geonity.ibercivis.es/media/images/2024-04-09_21-50-03cover.jpg,4,4,6.3,6.3,5,10
246,2024-04-10 08:55:53+00:00,-3.584288869924933,40.74092261950608,Dehesa,El Molar. Madrid,https://geonity.ibercivis.es/media/images/2024-04-10_08-56-45cover.jpg,10/04/2024,6,,10,10,2,0,10,10
247,2024-04-10 08:55:53+00:00,-3.5833785950108847,40.74229012434145,Dehesa,El Molar. Madrid,https://geonity.ibercivis.es/media/images/2024-04-10_09-04-50cover.jpg,10/04/2024,10,,10,10,3,6,10,10
248,2024-04-10 08:55:53+00:00,-3.5843631957067146,40.7422375314635,Dehesa,El Molar. Madrid,https://geonity.ibercivis.es/media/images/2024-04-10_09-08-25cover.jpg,10/04/2024,10,,6,3,3,6,10,10
249,2024-04-10 10:47:16+00:00,-3.6879271,40.3615794,Huerto escolar ,IES El Espinillo (Madrid),https://geonity.ibercivis.es/media/images/2024-04-10_10-48-28cover.jpg,21/3/2024,6,,10,10,6,5,10,10
250,2024-04-10 10:52:15+00:00,0.3450644601540773,41.35532174131097,Antiguo campo de cultivo abandonado,Mequinenza,https://geonity.ibercivis.es/media/images/2024-04-10_10-53-53cover.jpg,08/04/2024,3,,6,3,0,3,6,3
251,2024-04-10 10:56:31+00:00,0.3204303774631967,41.35518325306819,Bosque de pinos junto al río Ebro,Mequinenza,https://geonity.ibercivis.es/media/images/2024-04-10_10-58-28cover.jpg,09/04/2024,6,,6,0,3,0,6,3
252,2024-04-10 10:56:31+00:00,0.28671141359725993,41.365391031741666,Antiguos campos de cultivo. La zona sufrió un incendio hace un par de años,Mequinenza,,03/04/2024,0,,3,3,0,0,6,0
366,2024-04-22 13:01:57+00:00,-2.65249333020833,36.99615593440028,"Los datos fueron tomadas en un campo de naranjos que llevamos en ecológico y que no labramos. El suelo es muy arcilloso y la verdad que me ha sorprendido la capacidad de infiltración y la baja compactación al ser un suelo muy muy arcilloso. De normal si que hay gran biodiversidad, pero es dificil de encontrar justo en las calles entre narajos o incluso debajo debido a las temperaturas e insolación. porque en zona de huerta si que tenemos muchas lombrices etc",Campo de naranjos cerca de Instinción,,20/04/2024,10,,10,6,5,0,10,10
255,2024-04-10 13:49:51+00:00,-1.8943658349150212,38.18247375077067,Terreno rústico abandonado ,"Moratalla, frente a instituto Don Pedro García Aguilera ",https://geonity.ibercivis.es/media/images/2024-04-10_13-51-17cover.jpg,14/03/2024,6,https://geonity.ibercivis.es/media/images/2024-04-10_13-51-37cover.jpg,10,6,6,3,3,3
263,2024-04-11 08:48:08+00:00,-8.751049937792997,43.18811161906064,Campo de cultivo que lleva 4 años sin trabajar (Barbecho). En el norte y este linda con tierras de cultivo. Al sur un camino de tierra. Al Oeste una finca con árboles caducifolios y laurel,"Coristanco, lugar de Feiranova. Detras del centro EFA Fonteboa",,10/04/24,91,,5,10,2,5,10,10
260,2024-04-10 16:20:41+00:00,-3.6904150900735146,42.35807448606562,"Jardín urbano. Cuidado por jardineros. Plano, cubierto con césped y algún arbusto ornamental.",Avenida Islas Baleares. Burgos. Entorno colegio Liceo Castilla Maristas.,https://geonity.ibercivis.es/media/images/2024-04-10_16-24-49cover.jpg,8/04/24,10,https://geonity.ibercivis.es/media/images/2024-04-10_16-25-32cover.jpg,5,8.6,8.6,6.6,7.3,10
253,2024-04-11 15:20:00+00:00,-0.02831758691075946,39.9950661156083,Parque urbano,"39°59'42.2""N 0°01'41.9""W",,8/4/2024,10,,7,3,4,0,3,8
264,2024-04-11 08:50:03+00:00,-8.351149024043025,43.29093334381588,Bosque,Bosque tras la casa de la juventud de Cambre,,03/04/2024,10,,10,10,1,1,10,6
254,2024-04-11 09:23:45+00:00,-1.2717328,38.0754973,Terreno rústico abandonado,"Ceutí, frente a antiguo Tanatorio municipal.",https://geonity.ibercivis.es/media/images/2024-04-10_13-44-19cover.jpg,18/03/2024,6,https://geonity.ibercivis.es/media/images/2024-04-10_13-44-37cover.jpg,10,6,6,3,3,3
266,2024-04-11 10:24:37+00:00,-0.22385402289026501,39.66734599854672,"Suelo correspondiente al espacio reservado para la realización de un huerto escolar en el IES N°5. Se trata de un instituto de nueva construcción por lo que dicho suelo todavía no ha sido trabajado y usado como huerto, y la calidad del suelo ha podido verse afectada por la obra. La medición ha sido realizada por alumnos, y los datos presentados son la media de sus resultados.","IES N°5, Puerto de Sagunto ",https://geonity.ibercivis.es/media/images/2024-04-11_10-27-16cover.jpg,17/01/2024,68.6,,6,3,0,0,6,10
267,2024-04-10 10:12:08+00:00,-3.7278176987787504,40.45777061342628,Parque urbano de carácter forestal (Dehesa de la Villa),Pedrete,https://geonity.ibercivis.es/media/images/2024-04-11_10-33-32cover.jpg,16/03/2024,10,https://geonity.ibercivis.es/media/images/2024-04-11_10-34-17cover.jpg,10,8.3,10,3,10,10
268,2024-04-11 10:44:45+00:00,-3.724214297433889,40.45800908304767,Dehesa de la Villa. Parque urbano de carácter forestal ,Fuente de la Tomasa,https://geonity.ibercivis.es/media/images/2024-04-11_10-47-10cover.jpg,16/03/2024,10,,10,8.67,10,1,10,10
269,2024-04-11 10:44:45+00:00,-3.7232553550580008,40.45503426657746,Dehesa de la Villa.  Parque urbano de carácter forestal ,Cerro de los Locos ,https://geonity.ibercivis.es/media/images/2024-04-11_10-51-17cover.jpg,16/03/2024,10,,10,7.67,8.67,2,10,10
270,2024-04-11 12:42:37+00:00,-8.613922618956309,42.28930372364246,"Monte con acacia, fentos e eucaliptos ","A Telleira (Redondela) CP.36800 Coordenadas: 42.2897430,  -8.6141154",,20/03/2024,10,,8,8,2,0,3,10
271,2024-04-11 12:42:37+00:00,-8.61515781433991,42.29131898152707,Monte recién cortado,"A Telleira Redondela 36800. Coordenadas: 42.2914568,  -8.6151876",,20/03/2024,10,,10,8,0,0,3,10
272,2024-04-11 13:15:43+00:00,-3.721962097830499,40.47297025225794,Jardin de instituto con un huerto escolar.,IES Isaac Newton,,11/4/2024,8,,7,5,1,3,7,8
273,2024-04-11 10:25:09+00:00,-3.7499971195547914,40.39510300008877,Parque Cerro Almodóvar,40°23′10″N 3°35′56″O,https://geonity.ibercivis.es/media/images/2024-04-11_13-31-02cover.jpg,11/04/2024,87.64,,53.3,1.73,2.3,0.33,6.66,5.33
274,2024-04-11 13:55:33+00:00,-0.7554926095641008,41.60809815610881,Zona ajardinada,Centro interpretación del regadio,,11/04/2024,10,,10,5,2,0,9,8
275,2024-04-11 13:55:33+00:00,-0.755389408933695,41.60833671922131,Ribazo próximo acequia cultivo regadío ,Finca de la Alfranca ,,11/04/2024,10,,10,6,8,0,10,6
286,2024-04-12 13:21:12+00:00,-3.6247415623842016,37.02273732569485,Parque,Cerca del ayuntamiento ,,9-4-2024,6,,0,0,0,0,10,10
277,2024-04-12 09:53:18+00:00,-3.4290578,40.7051283,"Zona ajardinada, césped artificial.","Paseo del Calvario, El Casar, Guadalajara ",https://geonity.ibercivis.es/media/images/2024-04-12_09-55-52cover.jpg,11/04/2024,3,,10,5.3,4,1,6,6.3
278,2024-04-12 09:58:00+00:00,-3.4319971206042794,40.70701349059587,Zona tránsito entre jardines y solar abandonado. ,"Paseo del Calvario, El Casar, Guadalajara.",https://geonity.ibercivis.es/media/images/2024-04-12_09-59-52cover.jpg,11/04/2024,10,,1,3,2,1,5,4
279,2024-04-12 09:55:36+00:00,-3.590200493808709,40.46084240287519,Jardín del IES Alameda de Osuna,Interior instalaciones IES,,11/04/2024,10,,0,0,6,0,3,6
281,2024-04-12 09:58:00+00:00,-3.432053366934383,40.70743803887407,Solar abandonado ,"Paseo del Calvario, El Casar, Guadalajara.",https://geonity.ibercivis.es/media/images/2024-04-12_10-03-03cover.jpg,12/04/2024,10,,4.5,1.5,3,3,6,8
280,2024-04-12 10:04:37+00:00,-0.0503269334840013,39.96124193394644,Campo de prácticas de viverismo y horticultura ecologica,Grupo Roquetes de Castellón de la Plana,https://geonity.ibercivis.es/media/images/2024-04-12_09-51-37cover.jpg,20/3/2024,6,,6,8,2,0,6,10
276,2024-04-12 10:27:09+00:00,-0.02211111780363239,39.98172240277893,Solar yermo,"39°58'57.4""N 0°01'22.3""W",,18/03/2024,0,,0,0,3,0,3,3
282,2024-04-12 10:57:32+00:00,-3.684579140036476,40.408843609260316,Huerto urbano,"Centro de Educacion Ambiental Huerto del Retiro. 40.40880,-3.68461",,11/10/2024,6,,15,6,3,6,3,15
283,2024-04-12 11:24:03+00:00,-3.6506083,40.4182844,Huerto de un instituto,"IES Francisco De Goya,La Elipa",https://geonity.ibercivis.es/media/images/2024-04-12_10-55-57cover.jpg,8 de abril 2024,6.3,https://geonity.ibercivis.es/media/images/2024-04-12_11-03-02cover.jpg,3,5.3,0,3,6,7.3
284,2024-04-12 12:05:37+00:00,-8.4434329,42.3966125,La muestra se toma en una finca del rural gallego. La zona es de alta montaña pero la muestra se toma en la llanura de una finca. Fue un día soleado y con lluvia el día anterior.,"42° 23' 46"" N y 8° 26' 39"" W",,9/04/2024,10,,6,7,4,8,6,8
285,2024-04-12 13:15:24+00:00,-3.626115914346741,37.02259459471357,Parque,Centro del pueblo Padul cerca del ayuntamiento ,,9-4-2024,6,,3,0,0,0,10,10
287,2024-04-12 13:29:04+00:00,-3.6262866026569327,37.0224345872186,Jardín. Grupo 1. ,Avda Andalucía. Jardines de la estación. Padul. Granada. ,,09/04/2024,10,,3,0,0,0,10,10
288,2024-04-12 13:33:41+00:00,-3.625688961781293,37.022633097619504,Jardín. Grupo 2. ,Avda. Andalucía. Jardines de la estación. Padul Granada. ,,09/04/2024,10,,1,0,1,1,10,10
289,2024-04-12 14:04:19+00:00,-8.0163339,43.565991,Campeiro,"Santa Cruz de Moeche, Retorno 33",https://geonity.ibercivis.es/media/images/2024-04-12_14-07-10cover.jpg,06/04/24,80,https://geonity.ibercivis.es/media/images/2024-04-12_14-08-37cover.jpg,550,6,7,3,3,10
290,2024-04-12 16:05:31+00:00,-0.7800961033159979,41.62352908554624,Parcela con huerto,Parcela en zona Santa Ana Pastriz,,30/03/2024,6,,6,3,3,6,10,10
291,2024-04-12 16:05:31+00:00,-0.7787827527969284,41.61703865457514,Camino campo labor,Final avenida Palafox Pastriz,,02/04/2034,3,,3,3,3,6,10,10
292,2024-04-12 16:05:31+00:00,-0.7907701770129734,41.60529241910186,Zona recreo  Mejana de  Pastriz,Mejana de Pastriz,,05/04/2024,3,,6,63,3,3,6,6
293,2024-04-12 16:05:31+00:00,-1.3085344963807586,40.280329345976696,Pinar Patio Rey don Jaime,Rubiales Teruel,,07/04/2024,0,,6,6,6,0,3,3
294,2024-04-12 23:38:55+00:00,-0.1010470273782857,40.16868939112797,"Campo de cultivo yermo, sin trabajar","40°10’07.5’’N 0°06’05.1”W
40.168750, -0.101425",,01/04/2024,3,,235,10,6,0,10,10
295,2024-04-13 10:49:21+00:00,-8.0233805,43.5890269,Jardín ,Abade,https://geonity.ibercivis.es/media/images/2024-04-13_11-13-06cover.jpg,13/04/2024,10,https://geonity.ibercivis.es/media/images/2024-04-13_11-21-14cover.jpg,10,10,3,10,10,10
296,2024-04-13 12:40:27+00:00,-3.6262655916726487,37.02245889686208,Jardín. Grupo 1,"37.022509, -3.626258",,09/04/2024,10,,3,0,0,0,10,10
297,2024-04-13 12:40:27+00:00,-3.625674603179732,37.02265744933486,Jardín. Grupo 2,"37.022610, -3.625997",,09/04/2024,10,,1,0,1,1,10,10
301,2024-04-13 18:45:32+00:00,-3.692234975105866,42.34339325143556,Bosque de chopos,"42,18124° N    4,15185° O Vallejera(Burgos)",,13/04/2024,10,,10,6,6,7,3,8
298,2024-04-14 09:31:07+00:00,-3.589034644659023,40.46101403083404,Jardín IES Alameda de Osuna,Zona arbolada,https://geonity.ibercivis.es/media/images/2024-04-14_09-31-40cover.jpg,12/04/2024,10,,6,6,4,0,5,6
302,2024-04-13 18:59:06+00:00,-4.151908397236184,42.18094536492316,Bosque de chopos,"42,18124° N  4,161850º O 
Vallejera (Burgos)",,13/04/2024,10,,10,6,6,7,3,8
299,2024-04-14 09:32:47+00:00,-3.588746200763353,40.46106153763546,Jardín IES Alameda de Osuna,Detrás edificio B,https://geonity.ibercivis.es/media/images/2024-04-14_09-33-57cover.jpg,12/04/2024,10,,9,6,2,1,7,5
300,2024-04-14 09:32:47+00:00,-3.589461677084159,40.46063885519456,Jardín IES Alameda de Osuna,Detrás edificio A,https://geonity.ibercivis.es/media/images/2024-04-14_09-34-32cover.jpg,12/04/2024,10,,5,5,2,0,7,7
303,2024-04-14 11:20:00+00:00,-0.7563600020177432,41.6082911916688,Jardín posterior casas de colonos,Finca de la alfranca,,12/04/2014,10,,10,10,3,0,7,6
304,2024-04-14 14:35:14+00:00,-4.444322643752287,37.840684547502605,Olivar ecológico sin laboreo,"Entre olivos con vegetación natural espontánea, día soleado, 2 semanas última lluvia ",https://geonity.ibercivis.es/media/images/2024-04-14_14-41-13cover.jpg,14/04/2024,10,,5.3,4,3,0,6,10
308,2024-04-14 15:45:04+00:00,-3.3082621635356304,42.074934503875625,pasto,Piedrahita de Muñó,https://geonity.ibercivis.es/media/images/2024-04-14_15-47-25cover.jpg,14/4/2024,10,https://geonity.ibercivis.es/media/images/2024-04-14_15-52-40cover.jpg,10,10,6,3,10,10
372,2024-04-25 13:48:29+00:00,-0.256974450225897,39.96981460758343,Parque,"Onda, alrededores del IES",https://geonity.ibercivis.es/media/images/2024-04-25_13-33-03cover.jpg,19/04/2024,10,https://geonity.ibercivis.es/media/images/2024-04-25_13-35-30cover.jpg,6,0,3,0,3,10
312,2024-04-14 17:21:08+00:00,-3.3333920212122337,39.90720813921433,Campo de cultivo,"39,9074332, - 3,3339664",https://geonity.ibercivis.es/media/images/2024-04-14_17-22-45cover.jpg,04/04/2023,3,,1,6,2,0,6,10
313,2024-04-14 17:21:08+00:00,-3.4915456513678294,39.95705801640406,Parque,"39'95209°N, 3'49163°O",https://geonity.ibercivis.es/media/images/2024-04-14_17-35-24cover.jpg,19/03/2024,10,,2,6.3,0,0,2,6
310,2024-04-14 17:40:43+00:00,-3.333986598887947,39.90778039892245,Campo de cultivo,"39'9079388, - 3,3345283",https://geonity.ibercivis.es/media/images/2024-04-14_17-41-54cover.jpg,05/04/2024,3,,1,3,6.3,0,6,10
379,2024-04-30 14:33:10+00:00,-0.0562878,39.9920605,Parque,Castellón ,https://geonity.ibercivis.es/media/images/2024-04-30_14-33-55cover.jpg,30/4/24,65,https://geonity.ibercivis.es/media/images/2024-04-30_14-38-46cover.jpg,0,4,2,2,5,2
314,2024-04-14 15:23:39+00:00,-0.3857807431160309,42.12741548532152,Huerto,"
Huesca",,14/04/2024,83,,35,43,4,3,9,9
315,2024-04-15 10:19:28+00:00,-8.606996873189644,42.29728509218657,Finca abandonada,"Camiño da fonte de Rivas Redondela C.P. 36693 Coordenadas: 42,2973980 // -8.6069043",,21/03/2024,6,,6,5,1,1,3,10
316,2024-04-15 12:53:29+00:00,-2.461499109564727,42.4624116178106,Jardín IES Duques de Nájera ,Logroño ,https://geonity.ibercivis.es/media/images/2024-04-15_12-54-22cover.jpg,12/04/2024,10,,5,4,2,0,10,3
317,2024-04-15 11:42:00+00:00,-8.609539377282857,42.28888828335954,Huerto escolar,Huerta escolar del IES Pedro Floriani,https://geonity.ibercivis.es/media/images/2024-04-15_13-15-46cover.jpg,12/04/2024,95,https://geonity.ibercivis.es/media/images/2024-04-15_13-25-01cover.jpg,10,10,6,3,6,10
318,2024-04-15 14:31:33+00:00,-6.074723362419093,37.274666768238276,Huerta ,Puebla del Río ,,15/04/24,10,,6,10,6,3,9,7
319,2024-04-15 14:47:37+00:00,-0.211536819157061,41.70363660659771,Comarca de Los Monegros. Zona de matorral sin árboles ni plantaciones cercanas. ,"Junto al colegio de Pallaruelo de Monegros (Huesca) 
Coordenadas: 41.703720,-0.211584",https://geonity.ibercivis.es/media/images/2024-04-15_14-38-34cover.jpg,15/04/2024,6,https://geonity.ibercivis.es/media/images/2024-04-15_14-39-26cover.jpg,4,3,3,2,4,7.3
321,2024-04-15 16:14:16+00:00,-3.7320518,40.3821726,Jardin,Instituto íes emperatriz María de austria,,12/4/2024,39,,6,4,2,1,7,0
322,2024-04-15 16:16:58+00:00,-3.731957,40.3821772,Jardin,Antonio leyva,,12/4/2024,2,,6,2,2,0,7,39
323,2024-04-15 16:13:22+00:00,-7.356748034371672,43.65116296564996,Jardín que rodea el instituto,Burela,,02/04/24,3,,3,3,0,0,6,6
340,2024-04-16 20:55:34+00:00,-4.5498172,37.9625713,Prado natural ,30S360153 4207032. ,https://geonity.ibercivis.es/media/images/2024-04-16_20-58-15cover.jpg,"16/04/2024
16/04/2024",10,,3,3,2,0,6,10
325,2024-04-15 18:10:17+00:00,-8.657877693984034,42.458522005907696,Es una parcela forestal despejada que estamos regenerando con árboles autóctonos propios del noroeste ibérico. Incluida dentro de los terrenos del Colegio Los Sauces de Pontevedra.,"Carretera de Campañó a Cabaleiro. 36143 Pontevedra.
42° 27' 32"" N ; 8° 39' 30"" W ; UTM 29",https://geonity.ibercivis.es/media/images/2024-04-15_18-19-58cover.jpg,"15/04/2024 Día soleado, cuarto contando desde el último episodios de frentes lluviosos.",10,,5,5,5,2,10,10
326,2024-04-15 20:14:19+00:00,-8.339042366256422,43.2750177863278,Zona frutales,Meixigo-Cambre,,15/04/2024,10,,10,5,0,0,10,10
151,2024-04-16 00:10:56+00:00,-0.00773750245571857,40.0370596675577,Alrededor colegio La Magdalena ,Partida Magdalena SN Castellón. Zona desierto de las palmas cercano al colegio la Magdalena ,,29/02/2024,0,,0,3,3,0,3,6
328,2024-04-16 07:55:14+00:00,-8.147818929317935,43.11986889268786,Herbazal,Frente al IES de Curtis,,18/03/2024,10,,10,10,10,4,7,6
329,2024-04-16 07:55:14+00:00,-8.148704170193213,43.11900534758348,Jardín que se desbroza,Zona superior pista deportiva,,22/03/2024,10,,10,10,10,5,7,10
330,2024-04-16 13:08:51+00:00,-3.634685347775047,37.02429846715859,Zona verde/Huerto del patio del IES,IES LA LAGUNA,,—,6,,10,6,2,0,5,10
333,2024-04-16 13:52:21+00:00,-2.937533740563566,42.68333288788898,Es el limite de una finca de cultivo que normalmente siembran cereal,Cerca del ies montes obarenes,,15/3/24,10,,10,5,2,1,5,8
334,2024-04-16 13:52:21+00:00,-2.9374361882819926,42.68345466389499,Es el limite de una finca de cultivo que normalmente siembran cereal,Cerca del IES MONTES OBARENES,,15/3/24,10,,10,10,5,3,4,10
335,2024-04-16 14:30:00+00:00,-0.059680844089598395,39.99074982154832,Parque,Zona de la universidad de Castellón ,https://geonity.ibercivis.es/media/images/2024-04-16_14-31-10cover.jpg,16 4 24,80,https://geonity.ibercivis.es/media/images/2024-04-16_14-50-40cover.jpg,10,1,5,0,7,10
336,2024-04-16 15:07:00+00:00,-3.5851387087750197,40.741526561699914,Dehesa,Dehesa de El Molar. Madrid,,12/4/2024,6,,7,5,1,2,10,5
337,2024-04-16 16:07:06+00:00,-7.1541808,42.6360292,Souto bosque de castaños,Seoane s/n,,12/04/2024,10,,10,6,10,6,10,10
338,2024-04-16 17:21:43+00:00,-1.081789685770275,38.86981532589556,"Antiguo bancal de labor reconvertido a huerto. En los últimos años se ha cultivado el huerto sin laboreo, con aporte de materia orgánica y acolchado. Dentro del huerto hay zonas de pasillos y zona de cultivo. Se han tomado muestras en las dos zonas. La medición se hizo 4 días después de unas ligeras lluvias (<5 l/m2) y a las 12 h en un día de mucha insolación (esto último pudo influir en los bajos resultados de fauna encontrada)","38.869869, -1.081845",https://geonity.ibercivis.es/media/images/2024-04-16_17-23-38cover.jpg,04/04/2024,10,,10,8,6,0,10,10
324,2024-04-16 18:15:13+00:00,-8.806327038301418,42.51253507723581,Bosque en el monte da Pastora,Cambados,https://geonity.ibercivis.es/media/images/2024-04-15_16-53-32cover.jpg,15/04/2024,41,https://geonity.ibercivis.es/media/images/2024-04-15_16-55-25cover.jpg,165,7.6,3,4.5,5,8
341,2024-04-17 10:49:56+00:00,-3.75937484363601,40.384891310222486,Huerto escolar del cepa Aluche.zona sin cultivar,Zona alrededor del huerto ,https://geonity.ibercivis.es/media/images/2024-04-17_11-03-33cover.jpg,28/04/2024,3,https://geonity.ibercivis.es/media/images/2024-04-17_11-03-11cover.jpg,3,6,3,1,3,3
342,2024-04-17 11:43:33+00:00,-0.8513359578041104,41.612868944696174,Huerto particular,Cerca del canal imperial de aragon,https://geonity.ibercivis.es/media/images/2024-04-17_11-50-36cover.jpg,"17 de marzo, despues de 10 dias sin lluvia",6,,6,6,1,0,3,6
343,2024-04-17 11:52:41+00:00,-3.321419983416547,42.5463749293331,Parque,Parque en la rivera del rio Oca,,12 abril,10,,2,10,4,5,3,10
344,2024-04-17 11:52:41+00:00,-3.323098534161687,42.54646742489652,Parque,Parque en la rivera del rio Oca,,12 de abril,6,,9,6,7,5,4,10
345,2024-04-17 13:31:18+00:00,-3.722511492673049,40.43523820586543,"Parque urbano con varias especies de árboles, varias sendas y algún lago",Parque del Oeste. Madrid,,17/04/2024,6,,6,6,10,3,6,10
348,2024-04-17 14:34:15+00:00,-3.608053272654928,40.74491623561664,Encinar,Pedrezuela,https://geonity.ibercivis.es/media/images/2024-04-17_14-43-55cover.jpg,17/04/2024,6,,10,6,6,1,10,10
349,2024-04-17 14:34:15+00:00,-3.609385629839494,40.74520767662153,Éticos,PedrezuelaPedrezuela ,https://geonity.ibercivis.es/media/images/2024-04-17_14-45-44cover.jpg,17/04/2024,6,,6,6,2,0,3,10
351,2024-04-18 12:11:27+00:00,-8.609861640792474,42.289003316662246,Jardín ,"Rúa Pedro Floriani. Coordenadas: 42.289011, - 8.609902",,15/04/2024,10,,10,7,5,4,3,10
352,2024-04-18 12:11:27+00:00,-8.609016480172698,42.288743388707786,Campo abandonado,"Rúa da marisma. Coordenadas: 42.288721, -8.609132",,15/04/2024,10,,7,8,5,5,3,7
353,2024-04-18 12:36:06+00:00,-3.6289046,40.4227018,Ligera ladera situada sobre una antigua escombrera,IES Miguel Delibes ,https://geonity.ibercivis.es/media/images/2024-04-18_12-36-52cover.jpg,04/04/2024,10,https://geonity.ibercivis.es/media/images/2024-04-18_12-38-07cover.jpg,10,8.8,4,2,10,10
354,2024-04-18 13:47:39+00:00,-8.00617980047403,43.532306484073615,Finca,Penas Albas N°23,https://geonity.ibercivis.es/media/images/2024-04-18_13-51-09cover.jpg,10/04/2024,90,https://geonity.ibercivis.es/media/images/2024-04-18_13-56-21cover.jpg,15,3,3,3,6,3.5
355,2024-04-18 14:33:53+00:00,-3.7171919139100282,40.38707295125775,Jardín ,Jardín en la entrada del Instituto ,,12/04/24,6,,10,10,0,0,7,10
367,2024-04-23 09:06:00+00:00,-8.851669579893894,42.12535509807472,"Jardín previo a la playa de los Frades de Baiona, al rededor del Parador.",Baiona,https://geonity.ibercivis.es/media/images/2024-04-22_20-11-19cover.jpg,18/04/24,10,,5,8.7,10,8.7,8.7,6
356,2024-04-18 15:21:10+00:00,-3.646327095236671,40.45994271747634,"La ubicación marcada es un campo de cultivos, un huerto ",Instituto IES conde de orgaz,https://geonity.ibercivis.es/media/images/2024-04-18_15-17-16cover.jpg,18/04/24,8.6,https://geonity.ibercivis.es/media/images/2024-04-18_15-18-18cover.jpg,6.3,8.6,3,9,7.3,10
357,2024-04-18 17:01:32+00:00,-3.6463225259979595,40.45993656206423,Campo de cultivo (huerto escolar),"40,4600007, -3,6461768",,16/04/2024,83.3,,5.2,8,3,2,7,10
358,2024-04-18 22:31:32+00:00,-8.5355401,42.8550472,Jardin,Jardin que rodea al IES de Sar,https://geonity.ibercivis.es/media/images/2024-04-18_22-32-41cover.jpg,15/04/24,6,https://geonity.ibercivis.es/media/images/2024-04-18_22-33-25cover.jpg,7,10,6,3,7,6
373,2024-04-25 13:59:45+00:00,-0.05602414785485621,39.94639452081285,Parque urbano,"39.949240- -0,0557750",https://geonity.ibercivis.es/media/images/2024-04-25_14-01-16cover.jpg,14/03/2024,100,,10,10,0,0,10,6
376,2024-04-25 18:09:58+00:00,-3.45398332833949,37.161474486234496,Parcela con riego ocasional,"37°09'41""N  3°27'15""W",,18/04/2024,100,,700,13,2,1,6.5,10
378,2024-04-26 19:03:02+00:00,-0.05571081258483446,39.9453353285914,Se trata de un parque con zona ajardinada.,Almazora,,14/3/2024,10,,3,6,6,3,6,6
380,2024-04-30 14:35:51+00:00,-0.06333747393634326,40.03989315954627,Campo sin cultivar desde hace unos años,"Rìo de Borriol, cerca de la Font de Peret",,12/04/2024,10,,6.67,5,1,2,7.67,8.67
381,2024-04-30 14:41:33+00:00,-0.05596782478011164,39.9920888913403,Parque ,"Zona universitària, Castelló ",https://geonity.ibercivis.es/media/images/2024-04-30_14-43-39cover.jpg,18/04/2024,10,,3,10,6,2,10,10
382,2024-05-06 11:01:54+00:00,-8.80443022701695,42.26686993470354,Zona de dunas con muchos árboles y pinos.,"Arenal de Barra (42.2629657,-8.8492848)
",,23/04/2024,10,,6,10,6,0,10,6
384,2024-05-07 14:53:52+00:00,-0.9023173068668484,41.62087921220504,Pinar,"41.620911,-0.902183",https://geonity.ibercivis.es/media/images/2024-05-07_14-57-54cover.jpg,01/05/2024,3,,10,3,6,0,10,10
124,2024-05-10 09:54:49+00:00,-2.943504341564676,42.6801794129002,Llanura de inundación,"Margen izquierdo del Río Ebro. Coordenadas: 42° 40' 50'' N, 2° 56' 39""""

Margen izquierdo río Ebro. Coordenadas: 42° 40' 50"" N, 2° 56' 39"" W",,14/03/2024,9.83,,6,8.16,4.16,4.16,2.5,6.66
386,2024-05-15 15:35:46+00:00,-3.7551490579052134,40.37874623192037,Huerto,Avenida de los poblados 47,https://geonity.ibercivis.es/media/images/2024-05-15_15-36-30cover.jpg,13/04/2024,50,,10,3,6.3,2,8.6,10
392,2024-05-21 15:54:44+00:00,2.745228360803594,41.672401072279115,Patio de instituto,https://maps.app.goo.gl/tFmPKEpN2NUfy6BX8,https://geonity.ibercivis.es/media/images/2024-05-21_16-02-53cover.jpg,05/03/2024,92,https://geonity.ibercivis.es/media/images/2024-05-21_16-08-13cover.jpg,10,6,6,0,6,6
393,2024-05-21 15:54:44+00:00,2.745402337034875,41.67142682945928,Paseo al lado de una riera. ,https://maps.app.goo.gl/Asv5Diq4AKdHWASG6,https://geonity.ibercivis.es/media/images/2024-05-21_16-14-07cover.jpg,29/02/2024,88,https://geonity.ibercivis.es/media/images/2024-05-21_16-17-20cover.jpg,6,6,10,3,6,6
394,2024-05-21 15:54:44+00:00,2.74769847243806,41.67277606360892,Pequeño campo de viñas en zona enjardinada,https://maps.app.goo.gl/LamdBcbV2Yvq6TcXA,https://geonity.ibercivis.es/media/images/2024-05-21_16-19-56cover.jpg,07/03/2024,88,https://geonity.ibercivis.es/media/images/2024-05-21_16-21-56cover.jpg,3,3,6,0,6,6
395,2024-05-23 09:26:32+00:00,-1.2340267362980342,38.95571488661332,Huerto escolar del CEIP Veracruz,"38.9557373, -1.234013",,21/05/24,0,,0,3,3,0,3,10
406,2024-06-04 09:49:05+00:00,-3.7168529116644593,40.388167987800664,Es un huerto ,Íes emperatriz María de Austria ,,04-06-2024,1.33,,0.33,6,0.33,1,3.66,5
407,2024-06-04 09:49:05+00:00,-3.7168529116644593,40.388167987800664,Huerto,Íes emperatriz María de Austria ,,28-05-2024,2,,0,5,1,2,5,3
408,2024-06-04 09:49:05+00:00,-3.7168529116644593,40.388167987800664,Huerto ,Íes emperatriz María de Austria ,,24-05-24,2,,1,7,0,0,0,3
409,2024-06-11 10:11:10+00:00,-0.7099256641291447,39.909758934140825,Zona quemada en el incendio de Agosto 2022,Begis,,03/06/2024,50,,10,6,0,0,6,10
410,2024-06-12 18:13:19+00:00,-4.8259852,39.9684471,Jardín ,Emperatriz María de Austria ,,11/06/2024,6,,10,6,0,0,10,2
